{"Price":{"Amager Vest":445734.0,"Amager \u00d8st":378613.0,"Bispebjerg":265545.0,"Br\u00f8nsh\u00f8j-Husum ":75293.0,"Christianshavn":143040.0,"Frederiksberg":719984.0,"Indre By":540470.0,"Kongens Enghave":35501.0,"N\u00f8rrebro":1259272.0,"Valby":194147.0,"Vanl\u00f8se":132275.0,"Vesterbro":971673.0,"\u00d8sterbro":539919.0},"Count":{"Amager Vest":737,"Amager \u00d8st":669,"Bispebjerg":553,"Br\u00f8nsh\u00f8j-Husum ":152,"Christianshavn":208,"Frederiksberg":1150,"Indre By":767,"Kongens Enghave":58,"N\u00f8rrebro":2159,"Valby":376,"Vanl\u00f8se":247,"Vesterbro":1512,"\u00d8sterbro":921},"Average price":{"Amager Vest":604.7951153324,"Amager \u00d8st":565.9387144993,"Bispebjerg":480.1898734177,"Br\u00f8nsh\u00f8j-Husum ":495.3486842105,"Christianshavn":687.6923076923,"Frederiksberg":626.0730434783,"Indre By":704.6544980443,"Kongens Enghave":612.0862068966,"N\u00f8rrebro":583.2663270032,"Valby":516.3484042553,"Vanl\u00f8se":535.5263157895,"Vesterbro":642.6408730159,"\u00d8sterbro":586.2312703583}}